"Agency","IQA URL 1","IQA URL 2","IQA URL 3"
"Consumer Finance Protection Bureau (CFPB)","https://www.consumerfinance.gov/open-government/information-quality-guidelines/","https://www.consumerfinance.gov/data-research/research-reports/peer-reviewed-reports/",""
"Consumer Product Safety Commission (CPSC)","https://www.cpsc.gov/Research--Statistics/Information-Quality-Act","https://www.cpsc.gov/Research--Statistics/Peer-Reviewed","https://www.cpsc.gov/Research--Statistics/Information-Quality-Guidelines/Information-Quality-Requests-for-Correction"
"Defense Nuclear Facilities Safety Board (DNFSB)","https://www.dnfsb.gov/documents","",""
"Department of Agriculture (USDA)","https://www.usda.gov/oce/information-quality","https://www.usda.gov/oce/peer-review",""
"Department of Agriculture - Animal and Plant Health Inspection Service (USDA-APHIS)","https://www.aphis.usda.gov/peer-review","https://www.aphis.usda.gov/peer-review/quality",""
"Department of Agriculture - Economic Research Service (USDA-ERS)","https://www.ers.usda.gov/about-ers/policies-and-standards/research-quality/peer-reviews/","",""
"Department of Agriculture - Forest Service (USDA-FS)","https://www.fs.usda.gov/about-agency/quality-of-information","https://www.fs.usda.gov/about-agency/quality-of-information/peer-review-agenda","https://www.fs.usda.gov/about-agency/quality-of-information/public-disclosure-requests"
"Department of Agriculture - National Finance Center (USDA-NFC)","https://www.nfc.usda.gov/AdditionalResources/information_quality.php","",""
"Department of Commerce (DOC)","https://www.commerce.gov/about/policies/information-quality","",""
"Department of Commerce - Bureau of Economic Analysis (DOC-BEA)","https://www.bea.gov/about/policies-and-information/information-quality","",""
"Department of Commerce - Bureau of Industry and Security (DOC-BIS)","https://www.bis.gov/media/documents/qualityguidelines.pdf","",""
"Department of Commerce - National Institute of Standards & Technology (DOC-NIST)","https://www.nist.gov/director/nist-information-quality-standards","",""
"Department of Commerce - National Oceanic and Atmospheric Administration (DOC-NOAA)","https://www.noaa.gov/organization/information-technology/peer-review-plans","https://www.noaa.gov/organization/information-technology/policy-oversight/information-quality/information-quality-guidelines",""
"Department of Commerce - U.S. Census Bureau (DOC-Census)","https://www.census.gov/quality/","",""
"Department of Commerce - U.S. Patent and Trademark Office (DOC-USPTO)","https://www.uspto.gov/learning-and-resources/information-quality-guidelines","",""
"Department of Defense (DOD)","https://www.defense.gov/Resources/DOD-Information-Quality-Guidelines/","https://basicresearch.defense.gov/",""
"Department of Education","https://www.ed.gov/about/ed-overview/required-notices/information-quality-guidelines","https://www2.ed.gov/policy/gen/guid/iq/peerreview.html","https://www.ed.gov/about/ed-overview/required-notices/information-quality-guidelines/information-correction-requests-and-appeals--information-quality-guidelines"
"Department of Energy (DOE) - Department-wide resources","https://www.energy.gov/cio/department-energy-information-quality-guidelines","https://www.directives.doe.gov/terms_definitions/peer-review-1",""
"Department of Energy (DOE) - National Energy Technology Laboratory (DOE-NETL)","https://netl.doe.gov/peerreviews","",""
"Department of Homeland Security (DHS)","https://www.dhs.gov/information-quality-standards","",""
"Department of Justice (DOJ)","https://www.justice.gov/information-quality","",""
"Department of Labor (DOL) - Department-wide resources","https://www.dol.gov/informationquality","",""
"Department of Labor - Employee Benefits Services Administration (DOL-EBSA)","https://www.dol.gov/agencies/ebsa/laws-and-regulations/rules-and-regulations/peer-review","https://www.dol.gov/agencies/ebsa/laws-and-regulations/rules-and-regulations/peer-review/ebsas-response-to-peer-review-reports",""
"Department of Labor - Mine Safety and Health Administration (DOL-MSHA)","https://www.msha.gov/regulations/rulemaking/peer-review-agenda","",""
"Department of Labor - Occupational Safety and Health Administration (DOL-OSHA)","https://www.osha.gov/laws-regs/information-quality-assurance","https://www.osha.gov/laws-regs/peer-review-agenda",""
"Department of Veterans Affairs (VA)","https://www.va.gov/peerreview/index.asp","",""
"Department of the Interior (DOI)- Department-wide resources","https://www.doi.gov/ocio/policy-mgmt-support/information-and-records-management/bureau-peer-review","https://www.doi.gov/ocio/policy-mgmt-support/information-and-records-management/iq","https://www.doi.gov/ocio/policy-mgmt-support/information-and-records-management/iq-response"
"Department of the Interior - Bureau of Energy Management (DOI-BOEM)","https://www.boem.gov/about-boem/regulations-guidance/information-quality","https://www.boem.gov/environment/environmental-studies/guidelines-boems-quality-information-peer-review","https://www.boem.gov/environment/environmental-studies/boem-science-integrity-quality"
"Department of the Interior - Bureau of Indian Affairs","https://www.bia.gov/as-ia/oit/information-quality","",""
"Department of the Interior - Bureau of Land Management (DOI-BLM)","https://www.blm.gov/about/data/data-quality","",""
"Department of the Interior - Bureau of Reclamation (DOI-USBR)","https://www.usbr.gov/main/qoi/responses.html","https://www.usbr.gov/main/qoi/peeragenda.html",""
"Department of the Interior - Bureau of Safety and Environmental Enforcement (DOI-BSEE)","https://www.bsee.gov/peer-review","https://www.bsee.gov/what-we-do/research/peer-review/information-quality",""
"Department of the Interior - Fish and Wildlife Service (DOI-FWS)","https://www.fws.gov/program/information-quality","https://www.fws.gov/library/categories/peer-review-plans",""
"Department of the Interior - National Park Service (DOI-NPS)","https://www.nps.gov/aboutus/scientific-peer-review.htm","https://www.nps.gov/aboutus/information-quality-corrections.htm",""
"Department of the Interior - Office of Surface Mining Reclamation and Enforcement (DOI-OSMRE)","https://www.osmre.gov/laws-and-regulations/information-quality","",""
"Department of the Interior - U.S. Geological Survey (DOI-USGS)","https://www.usgs.gov/office-of-science-quality-and-integrity/usgs-information-quality-guidelines","https://www.usgs.gov/office-of-science-quality-and-integrity/fundamental-science-practices/information-quality-usgs-peer-review-agenda","https://www.usgs.gov/office-of-science-quality-and-integrity/fundamental-science-practices/usgs-information-quality-guidelines"
"Department of the Treasury","https://home.treasury.gov/department-of-the-treasury-information-quality-guidelines","https://home.treasury.gov/information-quality-program",""
"Department of the Treasury - Alcohol and Tobacco Tax and Trade Bureau (TREAS-TTB)","https://www.ttb.gov/public-information","",""
"Department of the Treasury - Bureau of the Fiscal Service (TREAS-BFS)","https://fiscal.treasury.gov/data-quality/index.html","",""
"Department of the Treasury - Financial Crimes Enforcement Network (TREAS-FINCEN)","https://www.fincen.gov/system/files/shared/515procedures2.pdf","",""
"Department of the Treasury - Internal Revenue Service (TREAS-IRS)","https://www.irs.gov/pub/newsroom/infoqualityguidelines.pdf","",""
"Department of the Treasury - Office of Comptroller of the Currency (TREAS-OCC)","https://home.treasury.gov/system/files/236/Information-Quality-Guidelines.pdf","",""
"Department of the Treasury - U.S. Mint (TREAS-MINT)","https://www.usmint.gov/resources/information-quality","",""
"Environmental Protection Agency (EPA)","https://www.epa.gov/quality/requests-correction-and-reconsideration","https://www.epa.gov/scientific-leadership/peer-review",""
"Federal Communications Commission (FCC)","https://www.fcc.gov/general/peer-review-agenda","https://www.fcc.gov/general/information-quality-guidelines-fcc",""
"Federal Housing Finance Agency","https://www.fhfa.gov/about/information-quality","",""
"Federal Maritime Commission","https://www.fmc.gov/about/information-quality-guidelines/#information-quality-bulletin-for-peer-review-disclaimer","https://www.fmc.gov/about/information-quality-guidelines/",""
"Federal Reserve","https://www.federalreserve.gov/iq_guidelines.htm","https://www.federalreserve.gov/iq_correction.htm",""
"Federal Trade Commission (FTC)","https://www.ftc.gov/policy-notices/website-policy/data-quality-act","",""
"General Services Administration (GSA)","https://www.gsa.gov/reference/reports/information-quality-guidelines","",""
"Health and Human Services (HHS) - Department-wide resources","https://aspe.hhs.gov/information-requests-corrections-hhs-responses","https://aspe.hhs.gov/hhs-information-quality-peer-review",""
"Health and Human Services - Centers for Disease Control and Prevention (HHS-CDC)","https://www.cdc.gov/science-quality/php/information-quality-support/cdc-atsdr-peer-review-agenda.html","",""
"Health and Human Services - Food and Drug Administration (HHS-FDA)","https://www.fda.gov/science-research/science-and-research-special-topics/peer-review-scientific-information-and-assessments","",""
"Health and Human Services - National Institutes of Health (HHS-NIH)","https://dpcpsi.nih.gov/oepr/infoquality","",""
"Merit Systems Protection Board (MSPB)","https://www.mspb.gov/informationqualitystandards/index.htm","",""
"National Aeronautics and Space Administration (NASA)","https://www.nasa.gov/nasa-guidelines-for-quality-of-information/","",""
"National Archives and Records Administration","https://www.archives.gov/about/info-qual/requests","",""
"National Credit Union Administration","https://ncua.gov/about/open-government/website-policies/information-quality","",""
"National Labor Relations Board (NLRB)","https://www.nlrb.gov/reports-guidance/public-notices/information-quality-guidelines","",""
"National Science Foundation (NSF)","https://www.nsf.gov/policies/infoqual.jsp","",""
"National Transportation Safety Board (NTSB)","https://www.ntsb.gov/about/Policies/Pages/quality.aspx","",""
"Nuclear Regulatory Commission (NRC)","https://www.nrc.gov/public-involve/info-quality.html","https://www.nrc.gov/public-involve/info-quality/peer-review.html",""
"Office of Personnel Management (OPM)","https://www.opm.gov/information-management/information-quality-guidelines/#url=Overview","",""
"Pension Benefit Guaranty Corporation","https://www.pbgc.gov/prac/other-guidance/information-quality-guidelines","",""
"Securities and Exchange Commission (SEC)","https://www.sec.gov/about/dataqualityguide","",""
"Social Security Administration (SSA)","https://www.ssa.gov/515/index.htm","https://www.ssa.gov/515/requests.htm",""
"Tennessee Valley Authority (TVA)","https://www.tva.com/information/information-quality","",""
"U.S. Agency for International Development (USAID)","https://www.usaid.gov/open/information-quality-guidelines","https://dec.usaid.gov/dec/home/Default.aspx",""
